Workbook

Sheet Все_ТТ
A1: city | B1: id_trading_point | C1: count_test | D1: count_control | E1: count_all | F1: percent_count | G1: avg_payment_test | H1: avg_payment_control | I1: diff | J1: sigma_test | K1: sigma_control | L1: ttest | M1: pvalue_test | N1: flag
A2: Красноярск | B2: 212 | C2: 593 | D2: 575 | E2: 1168 | F2: 0.0255 | G2: 2144.32 | H2: 2222.05 | I2: -77.73 | J2: 2708.59 | K2: 2785.12 | L2: -0.4834 | M2: 0.6289 | N2: Нейтральный исход
A3: Нижний Новгород | B3: 13 | C3: 142 | D3: 150 | E3: 292 | F3: 0.0064 | G3: 1970.55 | H3: 2336.19 | I3: -365.64 | J3: 2575.94 | K3: 2709.9 | L3: -1.182 | M3: 0.2382 | N3: Нейтральный исход
A4: Мурманск | B4: 54 | C4: 633 | D4: 640 | E4: 1273 | F4: 0.0278 | G4: 1702.71 | H4: 1688.51 | I4: 14.2 | J4: 2565.13 | K4: 2628.01 | L4: 0.0976 | M4: 0.9223 | N4: Нейтральный исход
A5: Казань | B5: 991 | C5: 270 | D5: 294 | E5: 564 | F5: 0.0123 | G5: 3249.28 | H5: 2452.99 | I5: 796.29 | J5: 4719.59 | K5: 3633.94 | L5: 2.2308 | M5: 0.0261 | N5: Положительный исход
A6: Санкт-Петербург | B6: 453 | C6: 1066 | D6: 1049 | E6: 2115 | F6: 0.0461 | G6: 2501.97 | H6: 1889.92 | I6: 612.05 | J6: 2993.44 | K6: 2648.66 | L6: 4.9818 | M6: 0 | N6: Положительный исход
A7: Москва | B7: 2652 | C7: 2273 | D7: 2370 | E7: 4643 | F7: 0.1013 | G7: 2508.89 | H7: 1972.85 | I7: 536.04 | J7: 2846.64 | K7: 2565.88 | L7: 6.7306 | M7: 0 | N7: Положительный исход
A8: Красноярск | B8: 278 | C8: 535 | D8: 489 | E8: 1024 | F8: 0.0223 | G8: 2499.35 | H8: 2185.21 | I8: 314.14 | J8: 2916 | K8: 2574.92 | L8: 1.8304 | M8: 0.0675 | N8: Нейтральный исход
A9: Москва | B9: 6543 | C9: 662 | D9: 689 | E9: 1351 | F9: 0.0295 | G9: 1715.49 | H9: 1528.33 | I9: 187.16 | J9: 2457.37 | K9: 2338.52 | L9: 1.433 | M9: 0.1521 | N9: Нейтральный исход
A10: Казань | B10: 699 | C10: 482 | D10: 494 | E10: 976 | F10: 0.0213 | G10: 2422.29 | H10: 2574.35 | I10: -152.06 | J10: 3906.82 | K10: 4082.85 | L10: -0.5946 | M10: 0.5523 | N10: Нейтральный исход
A11: Казань | B11: 477 | C11: 382 | D11: 386 | E11: 768 | F11: 0.0168 | G11: 2259.62 | H11: 2496.99 | I11: -237.37 | J11: 3482.85 | K11: 3881.99 | L11: -0.8921 | M11: 0.3726 | N11: Нейтральный исход
A12: Казань | B12: 544 | C12: 377 | D12: 416 | E12: 793 | F12: 0.0173 | G12: 2621.43 | H12: 2635.55 | I12: -14.12 | J12: 3714.89 | K12: 4639.82 | L12: -0.0475 | M12: 0.9621 | N12: Нейтральный исход
A13: Саратов | B13: 80 | C13: 844 | D13: 880 | E13: 1724 | F13: 0.0376 | G13: 2517.33 | H13: 2511.97 | I13: 5.36 | J13: 2797.12 | K13: 2824.72 | L13: 0.0396 | M13: 0.9684 | N13: Нейтральный исход
... A54: Москва | B54: 1002 | C54: 138 | D54: 188 | E54: 326 | F54: 0.0071 | G54: 4144.86 | H54: 1844.79 | I54: 2300.07 | J54: 4069.77 | K54: 2436.54 | L54: 5.9073 | M54: 0 | N54: Положительный исход

Sheet Калькулятор
B2: Вводные данные
B3: Колличество покупателей | C3: 10000
B4: MDE | C4: 1000
B5: Расчётные данные
B6: Положительный исход | C6: =SUM(положительные!O19) -> 2626617.2
B7: Отрицательный исход | C7: =SUM(отрицательные!O5) -> -253238.04
B8: Баланс | C8: =C6+C7 -> 2373379.1
B9: Колличество наблюдений | C9: =SUM('нейтральный исход'!O35) -> 44.648929

Sheet положительные
A1: city | B1: id_trading_point | C1: count_test | D1: count_control | E1: count_all | F1: percent_count | G1: avg_payment_test | H1: avg_payment_control | I1: diff | J1: sigma_test | K1: sigma_control | L1: ttest | M1: pvalue_test | N1: flag | O1: Изменение выручки
A2: Казань | B2: 991 | C2: 270 | D2: 294 | E2: 564 | F2: 0.0123 | G2: 3249.28 | H2: 2452.99 | I2: 796.29 | J2: 4719.59 | K2: 3633.94 | L2: 2.2308 | M2: 0.0261 | N2: Положительный исход | O2: =I2 * F2 * Калькулятор!$C$3 -> 97943.67
A3: Санкт-Петербург | B3: 453 | C3: 1066 | D3: 1049 | E3: 2115 | F3: 0.0461 | G3: 2501.97 | H3: 1889.92 | I3: 612.05 | J3: 2993.44 | K3: 2648.66 | L3: 4.9818 | M3: 0 | N3: Положительный исход | O3: =I3 * F3 * Калькулятор!$C$3 -> 282155.05
A4: Москва | B4: 2652 | C4: 2273 | D4: 2370 | E4: 4643 | F4: 0.1013 | G4: 2508.89 | H4: 1972.85 | I4: 536.04 | J4: 2846.64 | K4: 2565.88 | L4: 6.7306 | M4: 0 | N4: Положительный исход | O4: =I4 * F4 * Калькулятор!$C$3 -> 543008.52
A5: Владимир | B5: 11 | C5: 509 | D5: 608 | E5: 1117 | F5: 0.0244 | G5: 2547.22 | H5: 2108.61 | I5: 438.61 | J5: 3023.7 | K5: 2663.04 | L5: 2.5482 | M5: 0.011 | N5: Положительный исход | O5: =I5 * F5 * Калькулятор!$C$3 -> 107020.84
A6: Москва | B6: 1287 | C6: 370 | D6: 357 | E6: 727 | F6: 0.0159 | G6: 2143.49 | H6: 1394.66 | I6: 748.83 | J6: 2441.22 | K6: 2338.46 | L6: 4.2243 | M6: 0 | N6: Положительный исход | O6: =I6 * F6 * Калькулятор!$C$3 -> 119063.97
A7: Санкт-Петербург | B7: 801 | C7: 225 | D7: 212 | E7: 437 | F7: 0.0095 | G7: 2925.14 | H7: 2352.28 | I7: 572.86 | J7: 2774.29 | K7: 2928.29 | L7: 2.0966 | M7: 0.0366 | N7: Положительный исход | O7: =I7 * F7 * Калькулятор!$C$3 -> 54421.7
A8: Самара | B8: 33 | C8: 232 | D8: 258 | E8: 490 | F8: 0.0107 | G8: 4598.22 | H8: 2311.39 | I8: 2286.83 | J8: 2931.23 | K8: 2371.77 | L8: 9.4276 | M8: 0 | N8: Положительный исход | O8: =I8 * F8 * Калькулятор!$C$3 -> 244690.81
A9: Самара | B9: 34 | C9: 225 | D9: 253 | E9: 478 | F9: 0.0104 | G9: 3104.51 | H9: 1752.61 | I9: 1351.9 | J9: 2956.83 | K9: 2529.7 | L9: 5.3376 | M9: 0 | N9: Положительный исход | O9: =I9 * F9 * Калькулятор!$C$3 -> 140597.6
A10: Санкт-Петербург | B10: 573 | C10: 177 | D10: 160 | E10: 337 | F10: 0.0074 | G10: 2929.05 | H10: 1641.21 | I10: 1287.84 | J10: 3201.1 | K10: 2619.04 | L10: 4.057 | M10: 0.0001 | N10: Положительный исход | O10: =I10 * F10 * Калькулятор!$C$3 -> 95300.16
A11: Санкт-Петербург | B11: 900 | C11: 335 | D11: 341 | E11: 676 | F11: 0.0147 | G11: 2450.99 | H11: 1689.79 | I11: 761.2 | J11: 2865.61 | K11: 2492.47 | L11: 3.6824 | M11: 0.0003 | N11: Положительный исход | O11: =I11 * F11 * Калькулятор!$C$3 -> 111896.4
A12: Самара | B12: 35 | C12: 214 | D12: 194 | E12: 408 | F12: 0.0089 | G12: 2762.22 | H12: 1508.84 | I12: 1253.38 | J12: 2977.08 | K12: 2184.81 | L12: 4.878 | M12: 0 | N12: Положительный исход | O12: =I12 * F12 * Калькулятор!$C$3 -> 111550.82
A13: Санкт-Петербург | B13: 117 | C13: 625 | D13: 587 | E13: 1212 | F13: 0.0264 | G13: 2582.3 | H13: 2050.69 | I13: 531.61 | J13: 2835 | K13: 2595.74 | L13: 3.4076 | M13: 0.0007 | N13: Положительный исход | O13: =I13 * F13 * Калькулятор!$C$3 -> 140345.04
... A18: Москва | B18: 1002 | C18: 138 | D18: 188 | E18: 326 | F18: 0.0071 | G18: 4144.86 | H18: 1844.79 | I18: 2300.07 | J18: 4069.77 | K18: 2436.54 | L18: 5.9073 | M18: 0 | N18: Положительный исход | O18: =I18 * F18 * Калькулятор!$C$3 -> 163304.97
O19: =SUM(O2:O18) -> 2626617.2

Sheet отрицательные
A1: city | B1: id_trading_point | C1: count_test | D1: count_control | E1: count_all | F1: percent_count | G1: avg_payment_test | H1: avg_payment_control | I1: diff | J1: sigma_test | K1: sigma_control | L1: ttest | M1: pvalue_test | N1: flag | O1: Изменение выручки
A2: Волгоград | B2: 66 | C2: 657 | D2: 703 | E2: 1360 | F2: 0.0297 | G2: 2288.87 | H2: 2601.76 | I2: -312.89 | J2: 2682.57 | K2: 2830.19 | L2: -2.0931 | M2: 0.0365 | N2: Отрицательный исход | O2: =I2 * F2 * Калькулятор!$C$3 -> -92928.33
A3: Краснодар | B3: 1101 | C3: 785 | D3: 869 | E3: 1654 | F3: 0.0361 | G3: 2176 | H3: 2523.58 | I3: -347.58 | J3: 2722.62 | K3: 2960.35 | L3: -2.4873 | M3: 0.013 | N3: Отрицательный исход | O3: =I3 * F3 * Калькулятор!$C$3 -> -125476.38
A4: Москва | B4: 9931 | C4: 153 | D4: 137 | E4: 290 | F4: 0.0063 | G4: 1415.78 | H4: 1968.69 | I4: -552.91 | J4: 2038.16 | K4: 2403.4 | L4: -2.1001 | M4: 0.0367 | N4: Отрицательный исход | O4: =I4 * F4 * Калькулятор!$C$3 -> -34833.33
O5: =SUM(O2:O4) -> -253238.04

Sheet нейтральный исход
A1: city | B1: id_trading_point | C1: count_test | D1: count_control | E1: count_all | F1: percent_count | G1: avg_payment_test | H1: avg_payment_control | I1: diff | J1: sigma_test | K1: sigma_control | L1: ttest | M1: pvalue_test | N1: flag | O1: Количество наблюдений
A2: Красноярск | B2: 212 | C2: 593 | D2: 575 | E2: 1168 | F2: 0.0255 | G2: 2144.32 | H2: 2222.05 | I2: -77.73 | J2: 2708.59 | K2: 2785.12 | L2: -0.4834 | M2: 0.6289 | N2: Нейтральный исход | O2: =16 * (J2^2) / (Калькулятор!$C$3^2) -> 1.1738336
A3: Нижний Новгород | B3: 13 | C3: 142 | D3: 150 | E3: 292 | F3: 0.0064 | G3: 1970.55 | H3: 2336.19 | I3: -365.64 | J3: 2575.94 | K3: 2709.9 | L3: -1.182 | M3: 0.2382 | N3: Нейтральный исход | O3: =16 * (J3^2) / (Калькулятор!$C$3^2) -> 1.0616747
A4: Мурманск | B4: 54 | C4: 633 | D4: 640 | E4: 1273 | F4: 0.0278 | G4: 1702.71 | H4: 1688.51 | I4: 14.2 | J4: 2565.13 | K4: 2628.01 | L4: 0.0976 | M4: 0.9223 | N4: Нейтральный исход | O4: =16 * (J4^2) / (Калькулятор!$C$3^2) -> 1.0527827
A5: Красноярск | B5: 278 | C5: 535 | D5: 489 | E5: 1024 | F5: 0.0223 | G5: 2499.35 | H5: 2185.21 | I5: 314.14 | J5: 2916 | K5: 2574.92 | L5: 1.8304 | M5: 0.0675 | N5: Нейтральный исход | O5: =16 * (J5^2) / (Калькулятор!$C$3^2) -> 1.360489
A6: Москва | B6: 6543 | C6: 662 | D6: 689 | E6: 1351 | F6: 0.0295 | G6: 1715.49 | H6: 1528.33 | I6: 187.16 | J6: 2457.37 | K6: 2338.52 | L6: 1.433 | M6: 0.1521 | N6: Нейтральный исход | O6: =16 * (J6^2) / (Калькулятор!$C$3^2) -> 0.96618677
A7: Казань | B7: 699 | C7: 482 | D7: 494 | E7: 976 | F7: 0.0213 | G7: 2422.29 | H7: 2574.35 | I7: -152.06 | J7: 3906.82 | K7: 4082.85 | L7: -0.5946 | M7: 0.5523 | N7: Нейтральный исход | O7: =16 * (J7^2) / (Калькулятор!$C$3^2) -> 2.4421188
A8: Казань | B8: 477 | C8: 382 | D8: 386 | E8: 768 | F8: 0.0168 | G8: 2259.62 | H8: 2496.99 | I8: -237.37 | J8: 3482.85 | K8: 3881.99 | L8: -0.8921 | M8: 0.3726 | N8: Нейтральный исход | O8: =16 * (J8^2) / (Калькулятор!$C$3^2) -> 1.9408391
A9: Казань | B9: 544 | C9: 377 | D9: 416 | E9: 793 | F9: 0.0173 | G9: 2621.43 | H9: 2635.55 | I9: -14.12 | J9: 3714.89 | K9: 4639.82 | L9: -0.0475 | M9: 0.9621 | N9: Нейтральный исход | O9: =16 * (J9^2) / (Калькулятор!$C$3^2) -> 2.2080652
A10: Саратов | B10: 80 | C10: 844 | D10: 880 | E10: 1724 | F10: 0.0376 | G10: 2517.33 | H10: 2511.97 | I10: 5.36 | J10: 2797.12 | K10: 2824.72 | L10: 0.0396 | M10: 0.9684 | N10: Нейтральный исход | O10: =16 * (J10^2) / (Калькулятор!$C$3^2) -> 1.2518208
A11: Тольятти | B11: 88 | C11: 190 | D11: 167 | E11: 357 | F11: 0.0078 | G11: 2902.41 | H11: 2439.46 | I11: 462.95 | J11: 3074.65 | K11: 2689.34 | L11: 1.5176 | M11: 0.13 | N11: Нейтральный исход | O11: =16 * (J11^2) / (Калькулятор!$C$3^2) -> 1.5125556
A12: Тюмень | B12: 19 | C12: 130 | D12: 146 | E12: 276 | F12: 0.006 | G12: 2043.82 | H12: 1743.38 | I12: 300.44 | J12: 2442.27 | K12: 2891.33 | L12: 0.9355 | M12: 0.3503 | N12: Нейтральный исход | O12: =16 * (J12^2) / (Калькулятор!$C$3^2) -> 0.95434924
A13: Санкт-Петербург | B13: 112 | C13: 652 | D13: 683 | E13: 1335 | F13: 0.0291 | G13: 2488.12 | H13: 2218.64 | I13: 269.48 | J13: 2778.18 | K13: 2780.79 | L13: 1.7708 | M13: 0.0768 | N13: Нейтральный исход | O13: =16 * (J13^2) / (Калькулятор!$C$3^2) -> 1.2349255
... A34: Москва | B34: 3786 | C34: 237 | D34: 278 | E34: 515 | F34: 0.0112 | G34: 2636.66 | H34: 2688.23 | I34: -51.57 | J34: 2713.06 | K34: 3292.94 | L34: -0.1948 | M34: 0.8456 | N34: Нейтральный исход | O34: =16 * (J34^2) / (Калькулятор!$C$3^2) -> 1.1777111
O35: =SUM(O2:O34) -> 44.648929
